﻿<parameters>
  <parameter name="IIS Web Application Name" defaultValue="Default Web Site" tags="IisApp">
    <parameterEntry kind="ProviderPath" scope="IisApp" match="^C:\\Users\\Alex\\Documents\\Visual\ Studio\ 2010\\Projects\\iBoox\\iBoox\\obj\\Debug\\Package\\PackageTmp$" />
    <parameterEntry kind="ProviderPath" scope="setAcl" match="^C:\\Users\\Alex\\Documents\\Visual\ Studio\ 2010\\Projects\\iBoox\\iBoox\\obj\\Debug\\Package\\PackageTmp$" />
  </parameter>
  <parameter name="ApplicationServices-Web.config Connection String" description="ApplicationServices Connection String used in web.config by the application to access the database." defaultValue="Data Source=ASURNEW\SQLEXPRESS;Initial Catalog=iBoox;Integrated Security=True" tags="SqlConnectionString">
    <parameterEntry kind="XmlFile" scope="C:\\Users\\Alex\\Documents\\Visual\ Studio\ 2010\\Projects\\iBoox\\iBoox\\obj\\Debug\\Package\\PackageTmp\\Web\.config$" match="/configuration/connectionStrings/add[@name='ApplicationServices']/@connectionString" />
  </parameter>
  <parameter name="iBooxEntities-Web.config Connection String" description="iBooxEntities Connection String used in web.config by the application to access the database." defaultValue="metadata=res://*/Models.iBoox.csdl|res://*/Models.iBoox.ssdl|res://*/Models.iBoox.msl;provider=System.Data.SqlClient;provider connection string=&quot;data source=ASURNEW\SQLEXPRESS;initial catalog=iBoox;integrated security=True;multipleactiveresultsets=True;App=EntityFramework&quot;" tags="SqlConnectionString">
    <parameterEntry kind="XmlFile" scope="C:\\Users\\Alex\\Documents\\Visual\ Studio\ 2010\\Projects\\iBoox\\iBoox\\obj\\Debug\\Package\\PackageTmp\\Web\.config$" match="/configuration/connectionStrings/add[@name='iBooxEntities']/@connectionString" />
  </parameter>
</parameters>